"","con","fix","row1","row2","b.div","logb"
"1",0,0,1,2,0.219689599258745,-1.51553964136423
"2",0,0,3,4,0.338564702525325,-1.08304006006456
"3",0,0,5,6,0.373657500295055,-0.984415675757507
"4",0,0,7,8,0.348206392779044,-1.0549598923133
"5",0,0,9,10,0.149510095600777,-1.90039135932919
"6",0,0,11,12,0.191680261011419,-1.651926602352
"7",0,0,13,14,0.218542177108855,-1.52077625282796
"8",0,0,15,16,0.195734331150608,-1.63099699252263
"9",0,0,17,18,0.116392560713188,-2.15078665712595
"10",0,0,19,20,0.0743196693076128,-2.59937963406109
"11",0,0,21,22,0.0934618768889399,-2.37020165964166
"12",0,0,23,24,0.0972205795387345,-2.3307728662765
"13",0,0,25,26,0.0911889477043211,-2.39482157669826
"14",0,0,27,28,0.26186395286556,-1.33993017395712
"15",0,0,29,30,0.313826613246953,-1.15891463269695
"16",0,0,31,32,0.0733356535574007,-2.6127083823793
"17",0,0,33,34,0.136673530084649,-1.9901601890813
"18",0,0,35,36,0.33450495049505,-1.09510359983712
"19",0,0,37,38,0.406856599368812,-0.899294491327513
"20",0,0,39,40,0.171053171833299,-1.76578082441973
"21",0,0,41,42,0.0986033519553073,-2.31665002246145
"22",0,0,43,44,0.22930630832879,-1.47269657825035
"23",0,0,45,46,0.349272979054873,-1.05190148757678
"24",0,0,47,48,0.223334530436344,-1.49908449511687
"25",0,0,49,50,0.0381443877264823,-3.26637664278171
"26",0,0,51,52,0.0660480144268701,-2.71737331013304
"27",0,0,53,54,0.330864197530864,-1.10604726715563
"28",0,0,55,56,0.0956268460781096,-2.34730168162979
"29",0,0,57,58,0.152536342380807,-1.88035240063234
"30",0,0,59,60,0.264743356388788,-1.32899438871996
"31",0,0,61,62,0.102965820959507,-2.27335818116662
"32",0,0,63,64,0.457101891679386,-0.782848955216367
"33",0,0,65,66,0.12145807146705,-2.10818616656524
"34",0,0,67,68,0.0390070921985816,-3.24401179813974
"35",0,0,69,70,0.0899886034890857,-2.40807224456891
"36",0,0,71,72,0.216849708852362,-1.52855075132393
"37",0,0,73,74,0.268815867193086,-1.31372864233915
"38",0,0,75,76,0.077860097268306,-2.55284168752876
"39",0,0,77,78,0.021872841495905,-3.82250952608002
"40",0,0,79,80,0.207059795386668,-1.57474766082843
"41",0,0,81,82,0.246820150444495,-1.39909534342607
"42",0,0,83,84,0.18556108770586,-1.68437113736831
"43",0,0,85,86,0.074871582005915,-2.59198087292518
"44",0,0,87,88,0.423524404086266,-0.859144141789313
"45",0,0,89,90,0.0720911985969447,-2.62982331430708
"46",0,0,91,92,0.205320358005398,-1.58318379764555
"47",0,0,93,94,0.119494370926328,-2.12448601393907
"48",0,0,95,96,0.109221955276289,-2.21437318023664
"49",0,0,97,98,0.115748752926804,-2.15633335992433
"50",0,0,99,100,0.0676278836509529,-2.69373490093604
"51",0,0,101,102,0.0920278429411991,-2.38566410705434
"52",0,0,103,104,0.239079563182527,-1.43095888210435
"53",0,0,105,106,0.176707433690674,-1.73325983098466
"54",0,0,107,108,0.27608153435968,-1.28705904254455
"55",0,0,109,110,0.302067504719805,-1.19710476102312
"56",0,0,111,112,0.280637813211845,-1.27069036197575
"57",0,0,113,114,0.100504067916519,-2.29755707552088
"58",0,0,115,116,0.0981988056251204,-2.32076122637266
"59",0,0,117,118,0.103922622246104,-2.26410867362306
"60",0,0,119,120,0.219018648326941,-1.51859840061306
"61",0,0,121,122,0.0851589804790725,-2.46323541085717
"62",0,0,123,124,0.315327326222876,-1.15414404881299
"63",0,0,125,126,0.231823266219239,-1.46177998115811
"64",0,0,127,128,0.475980541197933,-0.742378305422597
"65",0,0,129,130,0.204186893203884,-1.58871956138463
"66",0,0,131,132,0.279911199282037,-1.27328287153543
"67",0,0,133,134,0.305843278540869,-1.18468246986047
"68",0,0,135,136,0.304326152750579,-1.18965528180052
"69",0,0,137,138,0.211982241303605,-1.55125277525464
"70",0,0,139,140,0.22491263105342,-1.49204325861743
"71",0,0,141,142,0.201959021435669,-1.59969046634051
"72",0,0,143,144,0.129638945861228,-2.04300203201901
"73",0,0,145,146,0.169332045365103,-1.77589372621229
"74",0,0,147,148,0.12936660268714,-2.04510502383511
"75",0,0,149,150,0.37051051423609,-0.992873456143693
"76",0,0,151,152,0.0853794454388868,-2.46064989288439
"77",0,0,153,154,0.276802173280295,-1.28445220382329
"78",0,0,155,156,0.0719946272666219,-2.63116378404731
"79",0,0,157,158,0.237945318972659,-1.43571438392346
"80",0,0,159,160,0.153577340445098,-1.87355099229507
"81",0,0,161,162,0.442006896207086,-0.816429794747678
"82",0,0,163,164,0.0665451845852737,-2.7098740946061
"83",0,0,165,166,0.186786906481989,-1.67778684942358
"84",0,0,167,168,0.0353894820086991,-3.34134062138916
"85",0,0,169,170,0.325447419370071,-1.12255436841576
"86",0,0,171,172,0.41901705115346,-0.86984366501102
"87",0,0,173,174,0.354165438358587,-1.03799113502168
"88",0,0,175,176,0.0928648909244305,-2.37660962790411
"89",0,0,177,178,0.182129935504169,-1.7030349152915
"90",0,0,179,180,0.0404631632523222,-3.207363268086
"91",0,0,181,182,0.37272030651341,-0.986926989104837
"92",0,0,183,184,0.400506148405308,-0.91502616076807
"93",0,0,185,186,0.142871587462083,-1.94580904193223
"94",0,0,187,188,0.527434563485612,-0.639730471591028
"95",0,0,189,190,0.321892393320965,-1.13353797152208
"96",0,0,191,192,0.111258662904096,-2.19589749216654
"97",0,0,193,194,0.118876500524455,-2.1296701354879
"98",0,0,195,196,0.27915581745923,-1.27598516753881
"99",0,0,197,198,0.086804017131886,-2.44410237806547
"100",0,0,199,200,0.334524196167587,-1.09504606670082
"101",0,0,201,202,0.115425794761983,-2.15912742508554
"102",0,0,203,204,0.219001444192284,-1.51867695470207
"103",0,0,205,206,0.269667202980777,-1.31056666178986
"104",0,0,207,208,0.243069611898266,-1.41440740794877
"105",0,0,209,210,0.207748122374507,-1.57142888319593
"106",0,0,211,212,0.180547747168902,-1.71176000893883
"107",0,0,213,214,0.24478836107992,-1.40736127408242
"108",0,0,215,216,0.527350427350427,-0.639890003886414
"109",0,0,217,218,0.280587473701246,-1.27086975343194
"110",0,0,219,220,0.103424519906995,-2.26891320858892
"111",0,0,221,222,0.0829953055922702,-2.48897123191434
"112",0,0,223,224,0.362837644558866,-1.01379980493636
"113",0,0,225,226,0.0145936357772522,-4.22716975097
"114",0,0,227,228,0.270996112921591,-1.30565080166807
"115",0,0,229,230,0.380096254909554,-0.967330755943778
"116",0,0,231,232,0.0799062187716196,-2.52690159730349
"117",0,0,233,234,0.146575723830735,-1.92021309784806
"118",0,0,235,236,0.238032605309612,-1.4353476175947
"119",0,0,237,238,0.0513901549680948,-2.96830866245239
"120",0,0,239,240,0.191944955216798,-1.65054663963742
"121",0,0,241,242,0.218924564045271,-1.51902806491866
"122",0,0,243,244,0.240180644340553,-1.42636395401295
"123",0,0,245,246,0.0855640957681774,-2.45848952578537
"124",0,0,247,248,0.332390381895332,-1.10144515175241
"125",0,0,249,250,0.0631285507604362,-2.76258214329829
"126",0,100,251,252,0.100215754480208,-2.30042987234937
"127",0,100,253,254,0.0512031773226384,-2.97195369177935
"128",0,100,255,256,0.262493863524791,-1.33752757427212
"129",0,100,257,258,0.172244443319326,-1.75884062900305
"130",0,100,259,260,0.238704467207889,-1.43252903107477
"131",0,100,261,262,0.304829185997469,-1.18800370516895
"132",0,100,263,264,0.173662521425185,-1.75064139513462
"133",0,100,265,266,0.0657364572451873,-2.72210160259694
"134",0,100,267,268,0.278965241709948,-1.27666808660649
"135",0,100,269,270,0.0928084784254353,-2.37721728102021
"136",0,100,271,272,0.0986772672905087,-2.31590068034216
"137",0,100,273,274,0.0593466219525981,-2.82436007694146
"138",0,100,275,276,0.15614516620921,-1.85696915180514
"139",0,100,277,278,0.167483088406811,-1.78687289754975
"140",0,100,279,280,0.13413167104112,-2.0089333417761
"141",0,100,281,282,0.106154835942526,-2.24285653423963
"142",0,100,283,284,0.100908754471812,-2.29353859154281
"143",0,100,285,286,0.294535396576213,-1.22235609100361
"144",0,100,287,288,0.371743357096565,-0.98955156307775
"145",0,100,289,290,0.247356366648799,-1.39692520220649
"146",0,100,291,292,0.188326215171853,-1.66957963276576
"147",0,100,293,294,0.0485462055560055,-3.02523924268518
"148",0,100,295,296,0.144310751731342,-1.9357863064053
"149",0,100,297,298,0.0984396589492131,-2.31831151802021
"150",0,100,299,300,0.133784504600613,-2.01152494815436
"151",0,100,301,302,0.257064687804512,-1.35842752223943
"152",0,100,303,304,0.0810723860589812,-2.51241286833248
"153",0,100,305,306,0.0763406692558158,-2.5725494649257
"154",0,100,307,308,0.306887286098147,-1.18127474506974
"155",0,100,309,310,0.243599654404074,-1.41222916184989
"156",0,100,311,312,0.308265919464907,-1.17679249361621
"157",0,100,313,314,0.101176398316798,-2.29088976754182
"158",0,100,315,316,0.151076984443558,-1.88996574133471
"159",0,100,317,318,0.11831402514173,-2.13441295930451
"160",0,100,319,320,0.656832699479378,-0.420325936030557
"161",0,100,321,322,0.462423989230841,-0.771273083145198
"162",0,100,323,324,0.197715332337205,-1.62092699826081
"163",0,100,325,326,0.110160999398757,-2.20581235235564
"164",0,100,327,328,0.107901838421319,-2.22653336866747
"165",0,100,329,330,0.4354242008563,-0.8314345486848
"166",0,100,331,332,0.124132407901762,-2.08640647741668
"167",0,100,333,334,0.117927774973615,-2.13768291840655
"168",0,100,335,336,0.119765658789761,-2.12221828890355
"169",0,100,337,338,0.212190630193595,-1.55027020932099
"170",0,100,339,340,0.145023547880691,-1.9308591505697
"171",0,100,341,342,0.273131313131313,-1.29780259895983
"172",0,100,343,344,0.0643096345908781,-2.74404582084687
"173",0,100,345,346,0.253338494290691,-1.37302876237728
"174",0,100,347,348,0.309575480677708,-1.17255333718022
"175",0,100,349,350,0.409818916384099,-0.892039884203394
"176",0,100,351,352,0.0773371188596102,-2.55958124641117
"177",0,100,353,354,0.0892282572155789,-2.41655750463391
"178",0,100,355,356,0.0330501179024591,-3.40973014529416
"179",0,100,357,358,0.479275653923541,-0.735479369175429
"180",0,100,359,360,0.170666762620992,-1.76804238037852
"181",0,100,361,362,0.249844651575677,-1.38691594796226
"182",0,100,363,364,0.0573992683632918,-2.85772372202196
"183",0,100,365,366,0.328596234692012,-1.11292553208122
"184",0,100,367,368,0.284904574237258,-1.25560098201833
"185",0,100,369,370,0.288219846182705,-1.24403173525222
"186",0,100,371,372,0.237291109259178,-1.43846758249102
"187",0,100,373,374,0.0872060581905141,-2.4394814758186
"188",0,100,375,376,0.249973287744417,-1.38640121585099
"189",0,100,377,378,0.531610775151182,-0.631843683064828
"190",0,100,379,380,0.199746246563756,-1.61070748518186
"191",0,100,381,382,0.20070796460177,-1.60590433985279
"192",0,100,383,384,0.0999833291656247,-2.30275181523518
"193",0,100,385,386,0.136902637319056,-1.98848528230751
"194",0,100,387,388,0.481435590685751,-0.730982824737908
"195",0,100,389,390,0.0546077684691546,-2.90757912669722
"196",0,100,391,392,0.219983406424084,-1.51420316081948
"197",0,100,393,394,0.216294642857143,-1.53111371351826
"198",0,100,395,396,0.190388816076889,-1.65868689744205
"199",0,100,397,398,0.229101801127182,-1.47358882780247
"200",0,100,399,400,0.0372850625804188,-3.2891624995536
"201",0,100,401,402,0.191866434534173,-1.65095580250136
"202",0,100,403,404,0.219212278106509,-1.51771471221734
"203",0,100,405,406,0.334727652996272,-1.09443805393191
"204",0,100,407,408,0.250640908258561,-1.38373400858734
"205",0,100,409,410,0.210600619955191,-1.55779173552975
"206",0,100,411,412,0.278760593220339,-1.27740195434571
"207",0,100,413,414,0.319570840118785,-1.14077630792966
"208",0,100,415,416,0.297385914480776,-1.21272460828088
"209",0,100,417,418,0.127650028042625,-2.05846291561096
"210",0,100,419,420,0.525211172721148,-0.643954863510255
"211",0,100,421,422,0.175816818425281,-1.73831263035882
"212",0,100,423,424,0.137397598027519,-1.98487638095136
"213",0,100,425,426,0.218192961846877,-1.52237546161724
"214",0,100,427,428,0.459487590072058,-0.777643345011261
"215",0,100,429,430,0.051555587269873,-2.96509468894389
"216",0,100,431,432,0.188572424004878,-1.66827313365722
"217",0,100,433,434,0.268048449866632,-1.31658753172613
"218",0,100,435,436,0.123746510906647,-2.08952007262457
"219",0,100,437,438,0.394338677354709,-0.930545151723005
"220",0,100,439,440,0.141525613302513,-1.95527456554107
"221",0,100,441,442,0.115276273022752,-2.16042365759531
"222",0,100,443,444,0.026594794210495,-3.62703978871984
"223",0,100,445,446,0.532390424687063,-0.630378177808749
"224",0,100,447,448,0.0912178408271219,-2.39450477792915
"225",0,100,449,450,0.122873699295906,-2.09659828615858
"226",0,100,451,452,0.13201069673316,-2.02487232382172
"227",0,100,453,454,0.259854278861384,-1.3476342710041
"228",0,100,455,456,0.524857768052516,-0.64462797109063
"229",0,100,457,458,0.28456007109962,-1.25681090148387
"230",0,100,459,460,0.0996158954661306,-2.30643353409176
"231",0,100,461,462,0.0830334301695356,-2.48851197914993
"232",0,100,463,464,0.0827124868835257,-2.49238469822308
"233",0,100,465,466,0.126550634404038,-2.06711277893334
"234",0,100,467,468,0.116459197786999,-2.15021430091048
"235",0,100,469,470,0.134447325458561,-2.00658278892655
"236",0,100,471,472,0.160106147722247,-1.8319182604522
"237",0,100,473,474,0.136658621614374,-1.99026927592087
"238",0,100,475,476,0.436148731839448,-0.829771965731925
"239",0,100,477,478,0.102291159772912,-2.27993202449057
"240",0,100,479,480,0.271113418115754,-1.30521802862396
"241",0,100,481,482,0.412387110564848,-0.885792782020186
"242",0,100,483,484,0.119112710662006,-2.12768508571243
"243",0,100,485,486,0.128030368389268,-2.05548779016142
"244",0,100,487,488,0.0467945523999336,-3.06198848454456
"245",0,100,489,490,0.172208114332959,-1.75905156653679
"246",0,100,491,492,0.0916279191951034,-2.39001925903615
"247",0,100,493,494,0.122069763597289,-2.10316256491827
"248",0,100,495,496,0.713341897595889,-0.337794453730875
"249",0,100,497,498,0.0868950401244388,-2.44305432400781
"250",0,100,499,500,0.113684295911746,-2.17433000639511
"251",0,200,501,502,0.0833931849014444,-2.48418868876637
"252",0,200,503,504,0.15477368847296,-1.86579130337815
"253",0,200,505,506,0.186333187997939,-1.68021887447074
"254",0,200,507,508,0.0819504836276511,-2.50164007231305
"255",0,200,509,510,0.30058858151854,-1.20201278801833
"256",0,200,511,512,0.0960208867185611,-2.34318954119421
"257",0,200,513,514,0.170559215216585,-1.76867273923132
"258",0,200,515,516,0.124173681457174,-2.08607403646931
"259",0,200,517,518,0.163602854307452,-1.81031340809862
"260",0,200,519,520,0.0730555086890501,-2.61653573378535
"261",0,200,521,522,0.335347432024169,-1.09258817406473
"262",0,200,523,524,0.0947934701953995,-2.35605475188885
"263",0,200,525,526,0.251815329448678,-1.37905927976239
"264",0,200,527,528,0.0890231717181329,-2.41885858675332
"265",0,200,529,530,0.352673344607779,-1.04221301985047
"266",0,200,531,532,0.382552599401273,-0.960889120395266
"267",0,200,533,534,0.0708382939981791,-2.6473555488225
"268",0,200,535,536,0.0849615358431479,-2.46555664440204
"269",0,200,537,538,0.178018575851393,-1.72586737541935
"270",0,200,539,540,0.287521535810977,-1.24645751438152
"271",0,200,541,542,0.515887331760788,-0.661866886643052
"272",0,200,543,544,0.359906529456702,-1.02191092164243
"273",0,200,545,546,0.145088388911209,-1.93041214358119
"274",0,200,547,548,0.458658839467148,-0.779448614417797
"275",0,200,549,550,0.031113788582161,-3.47010419528273
"276",0,200,551,552,0.0395599181518935,-3.229938841191
"277",0,200,553,554,0.356349743304016,-1.03184260538245
"278",0,200,555,556,0.109943502824859,-2.20778865581597
"279",0,200,557,558,0.252573310764445,-1.37605373274596
"280",0,200,559,560,0.254356449186158,-1.36901865247689
"281",0,200,561,562,0.0740322628561243,-2.60325429624939
"282",0,200,563,564,0.110870238463921,-2.19939478435757
"283",0,200,565,566,0.509050136152491,-0.675208767965083
"284",0,200,567,568,0.428464761272659,-0.847546781729345
"285",0,200,569,570,0.225509626274066,-1.48939243237375
"286",0,200,571,572,0.154533314914583,-1.86734557537415
"287",0,200,573,574,0.0503472903504297,-2.98881047754318
"288",0,200,575,576,0.112185109162157,-2.18760501161603
"289",0,200,577,578,0.304864605799185,-1.18788751634685
"290",0,200,579,580,0.313652241412769,-1.15947041824216
"291",0,200,581,582,0.150490925319845,-1.89385249348924
"292",0,200,583,584,0.184160432068706,-1.69194798785197
"293",0,200,585,586,0.08642788889255,-2.44844486714878
"294",0,200,587,588,0.0536445038693732,-2.92537625934009
"295",0,200,589,590,0.234530246314525,-1.45017071726179
"296",0,200,591,592,0.123933580257189,-2.08800949997229
"297",0,200,593,594,0.147788853950626,-1.9119706863657
"298",0,200,595,596,0.0974643423137877,-2.32826868772874
"299",0,200,597,598,0.239365424994168,-1.42976391987161
"300",0,200,599,600,0.34873620505518,-1.05343950202623
"301",0,200,601,602,0.667868048255494,-0.403664657509271
"302",0,200,603,604,0.249897598212623,-1.38670405218132
"303",0,200,605,606,0.329125060484758,-1.11131747739125
"304",0,200,607,608,0.0665688847717565,-2.70951800622494
"305",0,200,609,610,0.170617677795501,-1.76833002798279
"306",0,200,611,612,0.20735713668194,-1.57331267435328
"307",0,200,613,614,0.233449946178687,-1.45478758811272
"308",0,200,615,616,0.156905674147053,-1.85211045579856
"309",0,200,617,618,0.280433352947285,-1.2714191831519
"310",0,200,619,620,0.222594913380022,-1.50240169134508
"311",0,200,621,622,0.0284008087647529,-3.56133765658831
"312",0,200,623,624,0.631028938906752,-0.460403555516716
"313",0,200,625,626,0.0945320573302781,-2.35881627100004
"314",0,200,627,628,0.165239207543905,-1.80036111225359
"315",0,200,629,630,0.0485131996467009,-3.02591936040294
"316",0,200,631,632,0.540385356454721,-0.615472770867384
"317",0,200,633,634,0.211569458539789,-1.55320192523872
"318",0,200,635,636,0.134310903202591,-2.0075979933232
"319",0,200,637,638,0.122207739673693,-2.10203289813169
"320",0,200,639,640,0.307057904331973,-1.18071893572103
"321",0,200,641,642,0.272394077114793,-1.30050544828094
"322",0,200,643,644,0.0692277482237852,-2.67035351083902
"323",0,200,645,646,0.264844083724904,-1.32861398945177
"324",0,200,647,648,0.223663971603234,-1.49761048021509
"325",0,200,649,650,0.166400649262816,-1.79335684878283
"326",0,200,651,652,0.489423873697065,-0.714526347600077
"327",0,200,653,654,0.0691512940293927,-2.67145850767853
"328",0,200,655,656,0.0658989123480486,-2.71963334219184
"329",0,200,657,658,0.0441072272083136,-3.12113162768188
"330",0,200,659,660,0.207357279194864,-1.57331198707106
"331",0,200,661,662,0.175161980147458,-1.74204413232032
"332",0,200,663,664,0.210806836978497,-1.55681302935655
"333",0,200,665,666,0.386414851378903,-0.95084374213678
"334",0,200,667,668,0.0579567295845449,-2.84805858850905
"335",0,200,669,670,0.217342146460254,-1.52628245534828
"336",0,200,671,672,0.12027954093736,-2.11793673748566
"337",0,200,673,674,0.181857494511343,-1.70453189579817
"338",0,200,675,676,0.0532478675617019,-2.93279752098409
"339",0,200,677,678,0.148293396257769,-1.90856256044693
"340",0,200,679,680,0.239135922680226,-1.43072317456402
"341",0,200,681,682,0.135052595860197,-2.00209097745326
"342",0,200,683,684,0.193419979857081,-1.64289139283415
"343",0,200,685,686,0.0532606283486035,-2.93255790090771
"344",0,200,687,688,0.128915307111842,-2.04859962425003
"345",0,200,689,690,0.1435124508519,-1.9413334820279
"346",0,200,691,692,0.0700431034482759,-2.65864446289056
"347",0,200,693,694,0.147563121496092,-1.91349925239709
"348",0,200,695,696,0.505340599455041,-0.68252262268249
"349",0,200,697,698,0.106631177707676,-2.23837933620693
"350",0,200,699,700,0.294316353887399,-1.22310005652207
"351",0,200,701,702,0.0583572612933231,-2.8411714842333
"352",0,200,703,704,0.198901501281582,-1.61494554522922
"353",0,200,705,706,0.287526579450031,-1.24643997275702
"354",0,200,707,708,0.292124747588064,-1.23057435017804
"355",0,200,709,710,0.210770339275085,-1.55698617774104
"356",0,200,711,712,0.0548356431680592,-2.90341487368658
"357",0,200,713,714,0.232550234174347,-1.4586490163276
"358",0,200,715,716,0.149310595065312,-1.90172661201642
"359",0,200,717,718,0.141755184623166,-1.95365376121835
"360",0,200,719,720,0.0952728521746597,-2.35101037590681
"361",0,200,721,722,0.503636876233437,-0.685899754247674
"362",0,200,723,724,0.237831021437579,-1.43619485143549
"363",0,200,725,726,0.202761163149381,-1.59572652881237
"364",0,200,727,728,0.427378695599564,-0.850084783854292
"365",0,200,729,730,0.0660032901336115,-2.71805068768894
"366",0,200,731,732,0.155493644436706,-1.8611504199878
"367",0,200,733,734,0.491587973515684,-0.710114365552718
"368",0,200,735,736,0.216031688122166,-1.5323301777887
"369",0,200,737,738,0.177310328527535,-1.72985381307228
"370",0,200,739,740,0.087000143328078,-2.44184551287974
"371",0,200,741,742,0.201694411414982,-1.60100154181791
"372",0,200,743,744,0.190901010633045,-1.65600025422021
"373",0,200,745,746,0.0610308172093491,-2.79637634222619
"374",0,200,747,748,0.285102704482773,-1.25490579702372
"375",0,200,749,750,0.0647395031875137,-2.73738370447836
"376",0.01,0,751,752,0.0166925876725197,-4.09279051003579
"377",0.01,0,753,754,0.169567074182368,-1.77450671254723
"378",0.01,0,755,756,0.382912685957003,-0.959948289794117
"379",0.01,0,757,758,0.176228410055252,-1.73597434093344
"380",0.01,0,759,760,0.168532032520688,-1.78062944327685
"381",0.01,0,761,762,0.39411312345743,-0.931117295519748
"382",0.01,0,763,764,0.202277920921957,-1.5981126810417
"383",0.01,0,765,766,0.62572140446424,-0.468850047734033
"384",0.01,0,767,768,0.598688875556966,-0.513013222220676
"385",0.01,0,769,770,0.516015203838584,-0.661619049131196
"386",0.01,0,771,772,0.455911089399121,-0.785457467866596
"387",0.01,0,773,774,0.215904271884977,-1.53292015525149
"388",0.01,0,775,776,0.0562515528141359,-2.877921632694
"389",0.01,0,777,778,0.0747158305227692,-2.59406328797331
"390",0.01,0,779,780,0.402900343692031,-0.909066033739702
"391",0.01,0,781,782,0.381068534170249,-0.964776040319912
"392",0.01,0,783,784,0.288632754150472,-1.24260014583736
"393",0.01,0,785,786,0.238892075166155,-1.43174339738076
"394",0.01,0,787,788,0.0639809131400123,-2.74917047228984
"395",0.01,0,789,790,0.286004293555826,-1.25174845584201
"396",0.01,0,791,792,0.195397963032818,-1.63271696402954
"397",0.01,0,793,794,0.743110958042824,-0.296909907536882
"398",0.01,0,795,796,0.188707232727885,-1.6675584981006
"399",0.01,0,797,798,0.485790556795357,-0.721977701064589
"400",0.01,0,799,800,0.31163150119479,-1.16593387511843
"401",0.01,0,801,802,0.116716277824018,-2.14800926506347
"402",0.01,0,803,804,0.330353060515558,-1.10759331608553
"403",0.01,0,805,806,0.0505221633330967,-2.98534316109645
"404",0.01,0,807,808,0.0155216649802138,-4.16551849032817
"405",0.01,0,809,810,0.567007072589565,-0.567383501629244
"406",0.01,0,811,812,0.409726578388128,-0.892265223728657
"407",0.01,0,813,814,0.162205207391109,-1.81889303306211
"408",0.01,0,815,816,0.50453593859037,-0.684116205669407
"409",0.01,0,817,818,0.101303710428606,-2.28963224027779
"410",0.01,0,819,820,0.356364548551713,-1.03180105928784
"411",0.01,0,821,822,0.172205044751831,-1.7590693915301
"412",0.01,0,823,824,0.308669351073567,-1.17548463625927
"413",0.01,0,825,826,0.0262385935707833,-3.64052391501713
"414",0.01,0,827,828,0.0541633042358528,-2.91575164345302
"415",0.01,0,829,830,0.484318270032485,-0.725013005666534
"416",0.01,0,831,832,0.28332938633239,-1.26114514885448
"417",0.01,0,833,834,0.375737221494102,-0.978865258927066
"418",0.01,0,835,836,0.511733735226739,-0.669950837599968
"419",0.01,0,837,838,0.287947809937573,-1.24497603076224
"420",0.01,0,839,840,0.0680808560621291,-2.68705922044048
"421",0.01,0,841,842,0.247539940896766,-1.39618333263265
"422",0.01,0,843,844,0.16833580133497,-1.7817944770865
"423",0.01,0,845,846,0.115905383059726,-2.15498108398829
"424",0.01,0,847,848,0.0382867962647464,-3.26265018727956
"425",0.01,0,849,850,0.25990431758348,-1.34744172499296
"426",0.01,0,851,852,0.313986246966824,-1.15840609350182
"427",0.01,0,853,854,0.204848706300007,-1.58548359036186
"428",0.01,0,855,856,0.306365270989798,-1.18297719287333
"429",0.01,0,857,858,0.488862618879594,-0.715673771965654
"430",0.01,0,859,860,0.150644619428889,-1.89283172974966
"431",0.01,0,861,862,0.52464035883132,-0.645042281928805
"432",0.01,0,863,864,0.172289910364104,-1.7585766956997
"433",0.01,0,865,866,0.0593658151534397,-2.82403672074599
"434",0.01,0,867,868,0.122626272939686,-2.09861398039872
"435",0.01,0,869,870,0.4292524838973,-0.845709992623041
"436",0.01,0,871,872,0.323025791773213,-1.13002310825631
"437",0.01,0,873,874,0.0989512531575235,-2.31312794246072
"438",0.01,0,875,876,0.105194874102842,-2.2519407051238
"439",0.01,0,877,878,0.176626428559405,-1.73371834991727
"440",0.01,0,879,880,0.0312522794509714,-3.46566296302881
"441",0.01,0,881,882,0.0143352858574431,-4.24503123862183
"442",0.01,0,883,884,0.149787850474062,-1.89853531616776
"443",0.01,0,885,886,0.135175785503059,-2.00117923272256
"444",0.01,0,887,888,0.129839804541252,-2.04145386115854
"445",0.01,0,889,890,0.153512762793584,-1.87397157017619
"446",0.01,0,891,892,0.270391164471256,-1.30788561111917
"447",0.01,0,893,894,0.0427970136699992,-3.15128695289415
"448",0.01,0,895,896,0.10373902605048,-2.26587689847311
"449",0.01,0,897,898,0.161067769816749,-1.82593007202527
"450",0.01,0,899,900,0.321535379710932,-1.13464769560188
"451",0.01,0,901,902,0.318511369282916,-1.14409710827133
"452",0.01,0,903,904,0.105542539770959,-2.24864118675978
"453",0.01,0,905,906,0.164339310498637,-1.80582202206635
"454",0.01,0,907,908,0.27768169992961,-1.28127978554584
"455",0.01,0,909,910,0.271358618664558,-1.30431401680813
"456",0.01,0,911,912,0.0834428902435577,-2.48359283030422
"457",0.01,0,913,914,0.0834716296219144,-2.48324846986555
"458",0.01,0,915,916,0.255442777287438,-1.36475685807193
"459",0.01,0,917,918,0.0968545961136392,-2.33454443425473
"460",0.01,0,919,920,0.112937221736252,-2.18092317450653
"461",0.01,0,921,922,0.0887964951605625,-2.42140809867552
"462",0.01,0,923,924,0.0397626143375207,-3.22482814639964
"463",0.01,0,925,926,0.172257973335123,-1.75876208084112
"464",0.01,0,927,928,0.114315685868214,-2.16879148340453
"465",0.01,0,929,930,0.0581748514789345,-2.84430212280203
"466",0.01,0,931,932,0.206739293987949,-1.57629672882321
"467",0.01,0,933,934,0.514148896436384,-0.66524237369379
"468",0.01,0,935,936,0.283002805131312,-1.26229846926325
"469",0.01,0,937,938,0.21376435958559,-1.54288099407391
"470",0.01,0,939,940,0.0843407330048888,-2.47289033963096
"471",0.01,0,941,942,0.269483844165963,-1.31124683786613
"472",0.01,0,943,944,0.0740346136392017,-2.60322254325867
"473",0.01,0,945,946,0.0934442428351249,-2.3703903538791
"474",0.01,0,947,948,0.229825389334592,-1.47043543518571
"475",0.01,0,949,950,0.0795237082713162,-2.53170008453052
"476",0.01,0,951,952,0.620961371878458,-0.476486402077622
"477",0.01,0,953,954,0.273626549068538,-1.29599106187222
"478",0.01,0,955,956,0.600966616502975,-0.509215892573766
"479",0.01,0,957,958,0.0824010790354055,-2.49615674706258
"480",0.01,0,959,960,0.390067241071659,-0.941436141715605
"481",0.01,0,961,962,0.256190957969892,-1.36183218299988
"482",0.01,0,963,964,0.459644530297113,-0.777301848455755
"483",0.01,0,965,966,0.358987486624239,-1.02446774730124
"484",0.01,0,967,968,0.0314548493309715,-3.45920211595822
"485",0.01,0,969,970,0.128506514916546,-2.05177567619239
"486",0.01,0,971,972,0.241136479147286,-1.4223922022651
"487",0.01,0,973,974,0.0653940597377701,-2.72732385434196
"488",0.01,0,975,976,0.0526024664836824,-2.94499226901308
"489",0.01,0,977,978,0.463377955671459,-0.769212238958163
"490",0.01,0,979,980,0.00488861334665341,-5.32084658490023
"491",0.01,0,981,982,0.188698375986226,-1.66760543297098
"492",0.01,0,983,984,0.0385315703993669,-3.25627736334006
"493",0.01,0,985,986,0.552636908520429,-0.593054078060118
"494",0.01,0,987,988,0.272199066376801,-1.30122161868689
"495",0.01,0,989,990,0.368394210559805,-0.998601689817288
"496",0.01,0,991,992,0.191729760458197,-1.6516683960231
"497",0.01,0,993,994,0.287082049904874,-1.24798721591046
"498",0.01,0,995,996,0.0706410871367127,-2.65014333298729
"499",0.01,0,997,998,0.440386584628514,-0.820102336385696
"500",0.01,0,999,1000,0.916994531133148,-0.0866537706113424
"501",0.01,100,1001,1002,0.474570468122838,-0.745345161689297
"502",0.01,100,1003,1004,0.198217877199947,-1.61838846337407
"503",0.01,100,1005,1006,0.185361516420391,-1.68544721794418
"504",0.01,100,1007,1008,0.310368645217709,-1.16999450989355
"505",0.01,100,1009,1010,0.222416703290504,-1.50320261470244
"506",0.01,100,1011,1012,0.0994999447316312,-2.30759819027874
"507",0.01,100,1013,1014,0.387974129891096,-0.946816617120188
"508",0.01,100,1015,1016,0.404127564654827,-0.906024696764715
"509",0.01,100,1017,1018,0.00749726000899949,-4.89321765732332
"510",0.01,100,1019,1020,0.220978143476051,-1.50969148065355
"511",0.01,100,1021,1022,0.39473694002237,-0.929535710567537
"512",0.01,100,1023,1024,0.78035792197879,-0.248002590217347
"513",0.01,100,1025,1026,0.125235976583103,-2.07755550869389
"514",0.01,100,1027,1028,0.447330180995329,-0.804458297098749
"515",0.01,100,1029,1030,0.147308988568371,-1.9152229351868
"516",0.01,100,1031,1032,0.0742327322546721,-2.60055009057275
"517",0.01,100,1033,1034,0.157251524032217,-1.84990869166975
"518",0.01,100,1035,1036,0.0132164729351288,-4.32629127780074
"519",0.01,100,1037,1038,0.0428402729181246,-3.15027666278505
"520",0.01,100,1039,1040,0.28714684099926,-1.2477615529538
"521",0.01,100,1041,1042,0.270306559707862,-1.30819855774462
"522",0.01,100,1043,1044,0.350890153222459,-1.04728205827869
"523",0.01,100,1045,1046,0.386125717593709,-0.951592269295887
"524",0.01,100,1047,1048,0.0616954965172486,-2.78554434073066
"525",0.01,100,1049,1050,0.435324729939158,-0.831663020782914
"526",0.01,100,1051,1052,0.289953073530216,-1.23803618450819
"527",0.01,100,1053,1054,0.105150411071206,-2.25236346746203
"528",0.01,100,1055,1056,0.133918143187297,-2.01052653742598
"529",0.01,100,1057,1058,0.363508729712595,-1.01195196658141
"530",0.01,100,1059,1060,0.483931119228567,-0.725812698036794
"531",0.01,100,1061,1062,0.236121341994241,-1.44340944509945
"532",0.01,100,1063,1064,0.0592931010044024,-2.82526232031312
"533",0.01,100,1065,1066,0.0336401828740887,-3.39203400768263
"534",0.01,100,1067,1068,0.139687553884598,-1.96834710842328
"535",0.01,100,1069,1070,0.351910412608843,-1.04437864541108
"536",0.01,100,1071,1072,0.555297844282439,-0.588250652819477
"537",0.01,100,1073,1074,0.0651956279320119,-2.73036286855539
"538",0.01,100,1075,1076,0.026535530670537,-3.6292706640126
"539",0.01,100,1077,1078,0.0843990247222976,-2.47219943287
"540",0.01,100,1079,1080,0.164528981379884,-1.80466854569322
"541",0.01,100,1081,1082,0.545554771424417,-0.605952072838409
"542",0.01,100,1083,1084,0.357472939931803,-1.02869561221135
"543",0.01,100,1085,1086,0.0848580318814249,-2.46677563201256
"544",0.01,100,1087,1088,0.0698784540532009,-2.6609979168402
"545",0.01,100,1089,1090,0.335530297155358,-1.0920430221607
"546",0.01,100,1091,1092,0.221623911372266,-1.5067734266257
"547",0.01,100,1093,1094,0.424781389795235,-0.856180619347316
"548",0.01,100,1095,1096,0.00224944203293324,-6.09707307888227
"549",0.01,100,1097,1098,0.150734861845973,-1.89223286734935
"550",0.01,100,1099,1100,0.326816726936226,-1.11835573329077
"551",0.01,100,1101,1102,0.478174194593284,-0.737780189041596
"552",0.01,100,1103,1104,0.16274909443511,-1.81554556205573
"553",0.01,100,1105,1106,0.330811670713276,-1.10620603618505
"554",0.01,100,1107,1108,0.501656616349125,-0.689839424523515
"555",0.01,100,1109,1110,0.502094621252119,-0.688966688502106
"556",0.01,100,1111,1112,0.447276877681459,-0.80457746296809
"557",0.01,100,1113,1114,0.0740646236682737,-2.60281727406177
"558",0.01,100,1115,1116,0.191269118915335,-1.65407384308722
"559",0.01,100,1117,1118,0.0957200239241287,-2.34632776600333
"560",0.01,100,1119,1120,0.059556166392571,-2.82083543870848
"561",0.01,100,1121,1122,0.435629301805792,-0.830963622495636
"562",0.01,100,1123,1124,0.00032663203940079,-8.02667628242067
"563",0.01,100,1125,1126,0.145063930058778,-1.93058073677098
"564",0.01,100,1127,1128,0.0268007013110351,-3.6193272234855
"565",0.01,100,1129,1130,0.095508236759566,-2.3485427864234
"566",0.01,100,1131,1132,0.149512998794245,-1.9003719414747
"567",0.01,100,1133,1134,0.19258121971332,-1.64723729364909
"568",0.01,100,1135,1136,0.33473057818739,-1.0944293149517
"569",0.01,100,1137,1138,0.169427917004146,-1.77532771102601
"570",0.01,100,1139,1140,0.260315757071086,-1.34585993454142
"571",0.01,100,1141,1142,0.296890290440609,-1.2143926008775
"572",0.01,100,1143,1144,0.277259721191877,-1.28280059045606
"573",0.01,100,1145,1146,0.20976514421369,-1.56176673498404
"574",0.01,100,1147,1148,0.0828744669639269,-2.49042826230462
"575",0.01,100,1149,1150,0.489303942100958,-0.714771424106069
"576",0.01,100,1151,1152,0.0206489499585621,-3.88009081033228
"577",0.01,100,1153,1154,0.0441423425901086,-3.1203358077424
"578",0.01,100,1155,1156,0.223486799700036,-1.49840292841753
"579",0.01,100,1157,1158,0.113552227355569,-2.17549239498607
"580",0.01,100,1159,1160,0.0811760998567298,-2.51113441187985
"581",0.01,100,1161,1162,0.188054324920283,-1.67102439555183
"582",0.01,100,1163,1164,0.0799969459735649,-2.52576682036739
"583",0.01,100,1165,1166,0.00518887307995788,-5.2612387383372
"584",0.01,100,1167,1168,0.412799422347017,-0.88479346416892
"585",0.01,100,1169,1170,0.317850343667127,-1.14617462437606
"586",0.01,100,1171,1172,0.0556643400801667,-2.88841555107399
"587",0.01,100,1173,1174,0.13032124014948,-2.0377527985467
"588",0.01,100,1175,1176,0.0139500236034648,-4.27227407871155
"589",0.01,100,1177,1178,0.578682403873237,-0.547001477166272
"590",0.01,100,1179,1180,0.190103711807646,-1.66018550412526
"591",0.01,100,1181,1182,0.255746440933462,-1.36356879044093
"592",0.01,100,1183,1184,0.0601789856321982,-2.81043206348564
"593",0.01,100,1185,1186,0.120092760060331,-2.11949083430834
"594",0.01,100,1187,1188,0.280067705014602,-1.27272390141909
"595",0.01,100,1189,1190,0.0280370041577739,-3.5742300642579
"596",0.01,100,1191,1192,0.0602891728771781,-2.80860274564645
"597",0.01,100,1193,1194,0.12648270809947,-2.06764967502401
"598",0.01,100,1195,1196,0.124181804861037,-2.08600861891815
"599",0.01,100,1197,1198,0.302251216695666,-1.19649676403408
"600",0.01,100,1199,1200,0.557409696852331,-0.58445476750805
"601",0.01,100,1201,1202,0.201413905943367,-1.60239325468918
"602",0.01,100,1203,1204,0.827013273643969,-0.189934533731787
"603",0.01,100,1205,1206,0.00461016115813402,-5.37949246420413
"604",0.01,100,1207,1208,0.323740481055069,-1.12781306854714
"605",0.01,100,1209,1210,0.241188615659323,-1.42217601400203
"606",0.01,100,1211,1212,0.105599093293541,-2.24810549398224
"607",0.01,100,1213,1214,0.534831004944326,-0.625804460595023
"608",0.01,100,1215,1216,0.242367005155212,-1.41730215139827
"609",0.01,100,1217,1218,0.153039275296215,-1.87706068924939
"610",0.01,100,1219,1220,0.0985760201329842,-2.31692725047175
"611",0.01,100,1221,1222,0.272626223758218,-1.29965356567365
"612",0.01,100,1223,1224,0.473545371973787,-0.747507548404373
"613",0.01,100,1225,1226,0.352595669912212,-1.04243328954694
"614",0.01,100,1227,1228,0.139158404321334,-1.97214239526792
"615",0.01,100,1229,1230,0.109903990204279,-2.20814811064041
"616",0.01,100,1231,1232,0.598754424719879,-0.512903740355501
"617",0.01,100,1233,1234,0.257515482068007,-1.3566754361498
"618",0.01,100,1235,1236,0.124358083542807,-2.08459010446993
"619",0.01,100,1237,1238,0.119873012101221,-2.12132232901325
"620",0.01,100,1239,1240,0.357673788885036,-1.02813391221212
"621",0.01,100,1241,1242,0.0095465017733658,-4.65158049804994
"622",0.01,100,1243,1244,0.0125985577597576,-4.37417293508746
"623",0.01,100,1245,1246,0.186462690098716,-1.67952411300155
"624",0.01,100,1247,1248,0.523801521840894,-0.646642441527305
"625",0.01,100,1249,1250,0.452465607282836,-0.793043524735542
"626",0.01,200,1251,1252,0.134543264229306,-2.00586946453164
"627",0.01,200,1253,1254,0.228430089996551,-1.47652506733575
"628",0.01,200,1255,1256,0.400163388644435,-0.915882343664887
"629",0.01,200,1257,1258,0.205200899114125,-1.58376578404734
"630",0.01,200,1259,1260,0.429329943443367,-0.845529556723561
"631",0.01,200,1261,1262,0.203593457199544,-1.59163013038429
"632",0.01,200,1263,1264,0.124470438243958,-2.08368703509525
"633",0.01,200,1265,1266,0.250571234837848,-1.38401202827271
"634",0.01,200,1267,1268,0.256165664511398,-1.36193091680131
"635",0.01,200,1269,1270,0.638890063269696,-0.448022884367386
"636",0.01,200,1271,1272,0.17198137832674,-1.76036907357203
"637",0.01,200,1273,1274,0.64762834099084,-0.434438295024993
"638",0.01,200,1275,1276,0.101978579303131,-2.28299249458444
"639",0.01,200,1277,1278,0.0831060663986636,-2.4876375785979
"640",0.01,200,1279,1280,0.113898145903472,-2.17245068694532
"641",0.01,200,1281,1282,0.363456137379465,-1.01209665674623
"642",0.01,200,1283,1284,0.211834283054185,-1.55195099369081
"643",0.01,200,1285,1286,0.564563312608151,-0.571702744714048
"644",0.01,200,1287,1288,0.0251166184019681,-3.68422556419997
"645",0.01,200,1289,1290,0.23640971782774,-1.44218888673273
"646",0.01,200,1291,1292,0.85127709372138,-0.161017593864709
"647",0.01,200,1293,1294,0.200106339724142,-1.60890635511502
"648",0.01,200,1295,1296,0.150309486605807,-1.89505886641195
"649",0.01,200,1297,1298,0.138274095320852,-1.97851736573099
"650",0.01,200,1299,1300,0.0232894874984212,-3.75975320054822
"651",0.01,200,1301,1302,0.331803145113409,-1.10321342232735
"652",0.01,200,1303,1304,0.366660988237048,-1.00331759560994
"653",0.01,200,1305,1306,0.058394018015072,-2.84054182564316
"654",0.01,200,1307,1308,0.00231835335518211,-6.06689810600065
"655",0.01,200,1309,1310,0.0686898326233993,-2.67815408745462
"656",0.01,200,1311,1312,0.114185444621351,-2.16993144503787
"657",0.01,200,1313,1314,0.178315058988121,-1.72420329896876
"658",0.01,200,1315,1316,0.217187181057359,-1.52699571173699
"659",0.01,200,1317,1318,0.0493070461954609,-3.00968828328906
"660",0.01,200,1319,1320,0.130888853905815,-2.03340675937992
"661",0.01,200,1321,1322,0.388570448865863,-0.945280790051673
"662",0.01,200,1323,1324,0.246034414258009,-1.40228385747646
"663",0.01,200,1325,1326,0.105144499666139,-2.2524196876059
"664",0.01,200,1327,1328,0.13157536895095,-2.02817544363488
"665",0.01,200,1329,1330,0.0409613266521762,-3.19512690980625
"666",0.01,200,1331,1332,0.0954261856773731,-2.34940225520013
"667",0.01,200,1333,1334,0.35312391092553,-1.04093626119088
"668",0.01,200,1335,1336,0.463862347305418,-0.768167436059781
"669",0.01,200,1337,1338,0.0613459318180388,-2.7912264210583
"670",0.01,200,1339,1340,0.179033780363907,-1.72018077382942
"671",0.01,200,1341,1342,0.568526933966427,-0.564706589664161
"672",0.01,200,1343,1344,0.196494123922073,-1.62712275182441
"673",0.01,200,1345,1346,0.0129966927174673,-4.34306036023605
"674",0.01,200,1347,1348,0.093220271393493,-2.37279007671918
"675",0.01,200,1349,1350,0.0685723198673377,-2.67986632615465
"676",0.01,200,1351,1352,0.238884606358239,-1.43177466222983
"677",0.01,200,1353,1354,0.328624962218903,-1.1128381108993
"678",0.01,200,1355,1356,0.116003534594358,-2.15413461769897
"679",0.01,200,1357,1358,0.0845271768278527,-2.47068217706287
"680",0.01,200,1359,1360,0.0616854473747221,-2.78570723691595
"681",0.01,200,1361,1362,0.227833850931677,-1.47913863965996
"682",0.01,200,1363,1364,0.160400096408773,-1.8300839824977
"683",0.01,200,1365,1366,0.442325271246655,-0.815709759753948
"684",0.01,200,1367,1368,0.0494447409417042,-3.0068995775963
"685",0.01,200,1369,1370,0.110029028062106,-2.20701105652926
"686",0.01,200,1371,1372,0.096639364757522,-2.33676911810447
"687",0.01,200,1373,1374,0.810116006881172,-0.210577823198607
"688",0.01,200,1375,1376,0.593831566710221,-0.521159557556486
"689",0.01,200,1377,1378,0.549549117837013,-0.598657122714602
"690",0.01,200,1379,1380,0.515307322646772,-0.662991813295264
"691",0.01,200,1381,1382,0.530855818246422,-0.633264823336933
"692",0.01,200,1383,1384,0.0521321170609785,-2.95397406984357
"693",0.01,200,1385,1386,0.0400072740498272,-3.21869399015545
"694",0.01,200,1387,1388,0.438586269624241,-0.824198748494651
"695",0.01,200,1389,1390,0.1509825406974,-1.89059107337277
"696",0.01,200,1391,1392,0.0725454115224277,-2.62354254738012
"697",0.01,200,1393,1394,0.0786017636277588,-2.54336114178651
"698",0.01,200,1395,1396,0.230198468405403,-1.46881343603794
"699",0.01,200,1397,1398,0.254879211911419,-1.36696552482369
"700",0.01,200,1399,1400,0.408065777711543,-0.896326897691272
"701",0.01,200,1401,1402,0.121941418159843,-2.10421452858942
"702",0.01,200,1403,1404,0.371842899760861,-0.98928382637882
"703",0.01,200,1405,1406,0.264190896158799,-1.33108334562993
"704",0.01,200,1407,1408,0.294442721148522,-1.22267079005835
"705",0.01,200,1409,1410,0.380827232338402,-0.965409465128192
"706",0.01,200,1411,1412,0.307220834744806,-1.18018845857347
"707",0.01,200,1413,1414,0.0930839775058729,-2.3742532093395
"708",0.01,200,1415,1416,0.0194198841723919,-3.9414577804832
"709",0.01,200,1417,1418,0.0532661179649578,-2.93245483540446
"710",0.01,200,1419,1420,0.166176697544302,-1.79470361370542
"711",0.01,200,1421,1422,0.0106576696567291,-4.54147549045287
"712",0.01,200,1423,1424,0.221712840374659,-1.50637224624426
"713",0.01,200,1425,1426,0.267612633149368,-1.31821474276402
"714",0.01,200,1427,1428,0.108515344240554,-2.22086369442878
"715",0.01,200,1429,1430,0.141295505724414,-1.95690179641877
"716",0.01,200,1431,1432,0.336544584536759,-1.08902464376538
"717",0.01,200,1433,1434,0.0888904001046556,-2.42035112761757
"718",0.01,200,1435,1436,0.750296293269034,-0.287287092774479
"719",0.01,200,1437,1438,0.391639852258278,-0.937412605734929
"720",0.01,200,1439,1440,0.0893133199824188,-2.41560464228542
"721",0.01,200,1441,1442,0.738763386226843,-0.302777590321979
"722",0.01,200,1443,1444,0.0965160348327989,-2.33804612037046
"723",0.01,200,1445,1446,0.344221567013888,-1.06646973878913
"724",0.01,200,1447,1448,0.0510208362407289,-2.97552117595338
"725",0.01,200,1449,1450,0.167673434134168,-1.78573703573583
"726",0.01,200,1451,1452,0.211577402249538,-1.55316437936287
"727",0.01,200,1453,1454,0.155999626482398,-1.85790166607907
"728",0.01,200,1455,1456,0.110271385205121,-2.20481081335047
"729",0.01,200,1457,1458,0.35959935400952,-1.0227647728003
"730",0.01,200,1459,1460,0.560522653766561,-0.578885620218765
"731",0.01,200,1461,1462,0.472765994606265,-0.749154738898468
"732",0.01,200,1463,1464,0.211401282479291,-1.55399713896416
"733",0.01,200,1465,1466,0.138096687356718,-1.97980120613397
"734",0.01,200,1467,1468,0.440135700977477,-0.820672188306376
"735",0.01,200,1469,1470,0.593374915088111,-0.521928845210541
"736",0.01,200,1471,1472,0.0694598661057283,-2.66700615931379
"737",0.01,200,1473,1474,0.487988094394444,-0.717464270159292
"738",0.01,200,1475,1476,0.0628501689821604,-2.76700165529141
"739",0.01,200,1477,1478,0.302545528581013,-1.19552350513056
"740",0.01,200,1479,1480,0.419476051597093,-0.868748842673246
"741",0.01,200,1481,1482,0.154949488772819,-1.86465609405799
"742",0.01,200,1483,1484,0.116331866775083,-2.1513082520452
"743",0.01,200,1485,1486,0.00965623261434959,-4.64015170534145
"744",0.01,200,1487,1488,0.23464035964036,-1.44970132158159
"745",0.01,200,1489,1490,0.0715806053382146,-2.63693111687344
"746",0.01,200,1491,1492,0.146020512595076,-1.92400816991606
"747",0.01,200,1493,1494,0.928966606818518,-0.0736824861119585
"748",0.01,200,1495,1496,0.334395365515503,-1.09543125697199
"749",0.01,200,1497,1498,0.650863507481343,-0.429455324683817
"750",0.01,200,1499,1500,0.271810513178266,-1.3026500981814
"751",0.1,0,1501,1502,0.0216065696347768,-3.83475786077799
"752",0.1,0,1503,1504,0.293588352448718,-1.2255766545249
"753",0.1,0,1505,1506,0.0708436270473053,-2.64728026682336
"754",0.1,0,1507,1508,0.20994963500721,-1.56088761032827
"755",0.1,0,1509,1510,0.252642215364448,-1.37578095965461
"756",0.1,0,1511,1512,0.136034552435646,-1.99484636348757
"757",0.1,0,1513,1514,0.523141260414721,-0.64790375499142
"758",0.1,0,1515,1516,0.458986138354782,-0.778735269040395
"759",0.1,0,1517,1518,0.623165980210339,-0.472942374795056
"760",0.1,0,1519,1520,0.028020514337745,-3.57481838214806
"761",0.1,0,1521,1522,0.153108706621069,-1.8766071090846
"762",0.1,0,1523,1524,0.25370743766898,-1.37157349601917
"763",0.1,0,1525,1526,0.228833807931762,-1.4747592684527
"764",0.1,0,1527,1528,0.457245760997127,-0.782534262400112
"765",0.1,0,1529,1530,0.0577827969615284,-2.85106417802791
"766",0.1,0,1531,1532,0.0302881499879896,-3.49699873246755
"767",0.1,0,1533,1534,0.108761032734291,-2.21860216372883
"768",0.1,0,1535,1536,0.284999245702438,-1.2552687453751
"769",0.1,0,1537,1538,0.0746986916626881,-2.59429270155246
"770",0.1,0,1539,1540,0.131074722744758,-2.03198771576699
"771",0.1,0,1541,1542,0.095190226700121,-2.3518780031678
"772",0.1,0,1543,1544,0.217675252898943,-1.52475099244917
"773",0.1,0,1545,1546,0.103117703777473,-2.27188418807903
"774",0.1,0,1547,1548,0.201546927963732,-1.60173303159053
"775",0.1,0,1549,1550,0.0583099996309445,-2.84198168007727
"776",0.1,0,1551,1552,0.0452925682923928,-3.09461231530727
"777",0.1,0,1553,1554,0.0939247891784367,-2.36526093209809
"778",0.1,0,1555,1556,0.274416245425806,-1.29310918143605
"779",0.1,0,1557,1558,0.741435909869831,-0.299166554221523
"780",0.1,0,1559,1560,0.310199110688088,-1.1705408951423
"781",0.1,0,1561,1562,0.142833038762078,-1.94607889195705
"782",0.1,0,1563,1564,0.127566514371622,-2.05911736906601
"783",0.1,0,1565,1566,0.104879838642546,-2.25493997802382
"784",0.1,0,1567,1568,0.117487726426274,-2.14142140680043
"785",0.1,0,1569,1570,0.0947635811633527,-2.35637010847495
"786",0.1,0,1571,1572,0.298823494676223,-1.20790219870682
"787",0.1,0,1573,1574,0.458817832000866,-0.779102027871777
"788",0.1,0,1575,1576,0.301932999869723,-1.19755014095669
"789",0.1,0,1577,1578,0.201890388409784,-1.60003036049349
"790",0.1,0,1579,1580,0.380287571607428,-0.966827545077793
"791",0.1,0,1581,1582,0.480269295129689,-0.733408300879361
"792",0.1,0,1583,1584,0.18761122635094,-1.6733834022445
"793",0.1,0,1585,1586,0.180176911201232,-1.71381607075609
"794",0.1,0,1587,1588,0.102993548039471,-2.27308893310798
"795",0.1,0,1589,1590,0.383964641315833,-0.957204810540711
"796",0.1,0,1591,1592,0.249280314571121,-1.38917725438174
"797",0.1,0,1593,1594,0.194511297686943,-1.6372650318165
"798",0.1,0,1595,1596,0.3007297504664,-1.20154325651416
"799",0.1,0,1597,1598,0.0954622806405702,-2.34902407662996
"800",0.1,0,1599,1600,0.132640436302469,-2.0201132982273
"801",0.1,0,1601,1602,0.428131587213312,-0.848324683892336
"802",0.1,0,1603,1604,0.0861229066487835,-2.45197985590849
"803",0.1,0,1605,1606,0.0879918749666124,-2.43051079869146
"804",0.1,0,1607,1608,0.54981983069598,-0.598164634974614
"805",0.1,0,1609,1610,0.199365153575333,-1.61261719311859
"806",0.1,0,1611,1612,0.295372508143557,-1.2195179797576
"807",0.1,0,1613,1614,0.50424516814135,-0.684692684461748
"808",0.1,0,1615,1616,0.164583434657847,-1.80433763579249
"809",0.1,0,1617,1618,0.0268197733417618,-3.61861585225448
"810",0.1,0,1619,1620,0.0469136028932216,-3.05944760521628
"811",0.1,0,1621,1622,0.483608872377318,-0.726478813889287
"812",0.1,0,1623,1624,0.353087295954578,-1.04103995530003
"813",0.1,0,1625,1626,0.132333530163276,-2.02242979958425
"814",0.1,0,1627,1628,0.467637579416277,-0.760061686026026
"815",0.1,0,1629,1630,0.277110490233341,-1.28333897061814
"816",0.1,0,1631,1632,0.0381228560389212,-3.2669412806805
"817",0.1,0,1633,1634,0.451411518892997,-0.79537589677409
"818",0.1,0,1635,1636,0.401799187414549,-0.911802848966343
"819",0.1,0,1637,1638,0.266059856951534,-1.32403396938143
"820",0.1,0,1639,1640,0.375047623161686,-0.980702265977091
"821",0.1,0,1641,1642,0.184194492683042,-1.69176305417988
"822",0.1,0,1643,1644,0.17848566381234,-1.72324699576465
"823",0.1,0,1645,1646,0.360531035505998,-1.02017723579348
"824",0.1,0,1647,1648,0.0758892529800067,-2.57848019907231
"825",0.1,0,1649,1650,0.253423726341689,-1.37269238350636
"826",0.1,0,1651,1652,0.183228422317224,-1.69702169512267
"827",0.1,0,1653,1654,0.102583119428217,-2.27708188777177
"828",0.1,0,1655,1656,0.253380254922202,-1.37286393472222
"829",0.1,0,1657,1658,0.103630008806693,-2.26692833080393
"830",0.1,0,1659,1660,0.0437557803262848,-3.12913155316217
"831",0.1,0,1661,1662,0.0545383287562191,-2.90885154456776
"832",0.1,0,1663,1664,0.218186791988001,-1.52240373909264
"833",0.1,0,1665,1666,0.336109897257713,-1.09031709732459
"834",0.1,0,1667,1668,0.0741567424972495,-2.60157428402303
"835",0.1,0,1669,1670,0.240987024938696,-1.42301218536947
"836",0.1,0,1671,1672,0.220891525837617,-1.51008353127644
"837",0.1,0,1673,1674,0.217864780917751,-1.52388067966019
"838",0.1,0,1675,1676,0.0722365602059327,-2.62780898720404
"839",0.1,0,1677,1678,0.0312990543282668,-3.46416739504687
"840",0.1,0,1679,1680,0.0882725666305677,-2.42732590332993
"841",0.1,0,1681,1682,0.0114680438042672,-4.46819091127288
"842",0.1,0,1683,1684,0.144888313000441,-1.93179208852986
"843",0.1,0,1685,1686,0.285912884080031,-1.2520681156814
"844",0.1,0,1687,1688,0.419725118027295,-0.868155262858226
"845",0.1,0,1689,1690,0.193488792051639,-1.64253569040361
"846",0.1,0,1691,1692,0.155999913329142,-1.85789982731518
"847",0.1,0,1693,1694,0.127207049980053,-2.06193920524051
"848",0.1,0,1695,1696,0.0629549450282712,-2.76533596671969
"849",0.1,0,1697,1698,0.205128894537568,-1.58411674358481
"850",0.1,0,1699,1700,0.296651680336516,-1.21519662191963
"851",0.1,0,1701,1702,0.51737920024251,-0.658979210574588
"852",0.1,0,1703,1704,0.0435799108352533,-3.13315899546929
"853",0.1,0,1705,1706,0.151877639622323,-1.88468008480907
"854",0.1,0,1707,1708,0.0432268114969677,-3.14129433974338
"855",0.1,0,1709,1710,0.673187610005668,-0.395731221461015
"856",0.1,0,1711,1712,0.0280943899086111,-3.57218536995502
"857",0.1,0,1713,1714,0.281826464218074,-1.26646377257822
"858",0.1,0,1715,1716,0.0371382623479082,-3.293107510692
"859",0.1,0,1717,1718,0.148206447543953,-1.90914906137181
"860",0.1,0,1719,1720,0.154179582187768,-1.86963723785372
"861",0.1,0,1721,1722,0.111128566932833,-2.19706748728001
"862",0.1,0,1723,1724,0.839816713488915,-0.174571609180956
"863",0.1,0,1725,1726,0.021197716491034,-3.85386181579267
"864",0.1,0,1727,1728,0.250415724594947,-1.38463284382476
"865",0.1,0,1729,1730,0.459836596528494,-0.776884077544376
"866",0.1,0,1731,1732,0.183193837194135,-1.69721046707794
"867",0.1,0,1733,1734,0.633579285612617,-0.456370132178258
"868",0.1,0,1735,1736,0.193528578478335,-1.64233008502325
"869",0.1,0,1737,1738,0.351982715938245,-1.04417320703777
"870",0.1,0,1739,1740,0.330796925513526,-1.10625060997033
"871",0.1,0,1741,1742,0.282215668702076,-1.26508371770977
"872",0.1,0,1743,1744,0.163890365746476,-1.80855757625061
"873",0.1,0,1745,1746,0.150578508659009,-1.8932706785871
"874",0.1,0,1747,1748,0.607292727314823,-0.49874435159108
"875",0.1,0,1749,1750,0.0829239862591957,-2.48983091901487
"876",0.1,100,1751,1752,0.251007122532749,-1.38227396362846
"877",0.1,100,1753,1754,0.0226293772053302,-3.78850634046969
"878",0.1,100,1755,1756,0.156748985631919,-1.85310957073777
"879",0.1,100,1757,1758,0.038051469780038,-3.2688155678242
"880",0.1,100,1759,1760,0.435597654872937,-0.831036271608768
"881",0.1,100,1761,1762,0.113799620372021,-2.17331609321796
"882",0.1,100,1763,1764,0.276911776707745,-1.28405631916522
"883",0.1,100,1765,1766,0.198062540130592,-1.61917243891522
"884",0.1,100,1767,1768,0.441308155526638,-0.818011882191614
"885",0.1,100,1769,1770,0.230320424715511,-1.46828378865634
"886",0.1,100,1771,1772,0.0879909938291053,-2.43052081259239
"887",0.1,100,1773,1774,0.216953590375576,-1.52807181755194
"888",0.1,100,1775,1776,0.167791983910358,-1.78503025778049
"889",0.1,100,1777,1778,0.356556534388276,-1.03126246996625
"890",0.1,100,1779,1780,0.153310867137647,-1.87528760756954
"891",0.1,100,1781,1782,0.154585266913406,-1.86700944547213
"892",0.1,100,1783,1784,0.0841367565449782,-2.47531174987536
"893",0.1,100,1785,1786,0.132637668368645,-2.02013416639377
"894",0.1,100,1787,1788,0.362106017191977,-1.01581824486179
"895",0.1,100,1789,1790,0.295034534270864,-1.22066286416896
"896",0.1,100,1791,1792,0.394556087443722,-0.929993975307042
"897",0.1,100,1793,1794,0.223999238282313,-1.49611262765827
"898",0.1,100,1795,1796,0.196243703192336,-1.62839800847852
"899",0.1,100,1797,1798,0.247404577186561,-1.3967303180366
"900",0.1,100,1799,1800,0.164267307606369,-1.80626025361406
"901",0.1,100,1801,1802,0.0382317029580689,-3.2640901871948
"902",0.1,100,1803,1804,0.145447555164301,-1.9279397029529
"903",0.1,100,1805,1806,0.301543347689483,-1.19884149971818
"904",0.1,100,1807,1808,0.748930795213699,-0.289108695977106
"905",0.1,100,1809,1810,0.05653302658573,-2.87293027026713
"906",0.1,100,1811,1812,0.0858887000953846,-2.4547030058466
"907",0.1,100,1813,1814,0.444940607284172,-0.809814472500521
"908",0.1,100,1815,1816,0.0253087034074119,-3.67660693420782
"909",0.1,100,1817,1818,0.0613470307563015,-2.79120850742675
"910",0.1,100,1819,1820,0.331633864634664,-1.10372373598164
"911",0.1,100,1821,1822,0.369884179318805,-0.994565351215723
"912",0.1,100,1823,1824,0.216597039576389,-1.52971661220768
"913",0.1,100,1825,1826,0.0632435347262452,-2.76076237436597
"914",0.1,100,1827,1828,0.488653826832746,-0.716100960788797
"915",0.1,100,1829,1830,0.303697433508849,-1.19172335771079
"916",0.1,100,1831,1832,0.260421968884431,-1.34545200629069
"917",0.1,100,1833,1834,0.236337379934328,-1.44249491883455
"918",0.1,100,1835,1836,0.198067156137596,-1.61914913338146
"919",0.1,100,1837,1838,0.0640027458135376,-2.74882929320626
"920",0.1,100,1839,1840,0.245948126813417,-1.40263463189739
"921",0.1,100,1841,1842,0.0529156477888679,-2.93905618444641
"922",0.1,100,1843,1844,0.104926858765843,-2.25449175473385
"923",0.1,100,1845,1846,0.0236326246483195,-3.74512712123373
"924",0.1,100,1847,1848,0.090933584235013,-2.39762588250205
"925",0.1,100,1849,1850,0.707730935829891,-0.345691291658264
"926",0.1,100,1851,1852,0.102986336328713,-2.273158956555
"927",0.1,100,1853,1854,0.0909403485216374,-2.39755149815763
"928",0.1,100,1855,1856,0.475104780116908,-0.744219909554024
"929",0.1,100,1857,1858,0.511170413841757,-0.671052253490093
"930",0.1,100,1859,1860,0.364406571511912,-1.00948507997214
"931",0.1,100,1861,1862,0.246596393614918,-1.40000231279144
"932",0.1,100,1863,1864,0.297432776983444,-1.21256703924871
"933",0.1,100,1865,1866,0.0761294824606064,-2.57531967178766
"934",0.1,100,1867,1868,0.167863175926749,-1.78460606041381
"935",0.1,100,1869,1870,0.339028574945479,-1.08167088327948
"936",0.1,100,1871,1872,0.146021814492263,-1.92399925410444
"937",0.1,100,1873,1874,0.391652331887256,-0.937380741178557
"938",0.1,100,1875,1876,0.404745980828596,-0.904495616483341
"939",0.1,100,1877,1878,0.525591810620601,-0.643230392944154
"940",0.1,100,1879,1880,0.0249104141216803,-3.69246932513005
"941",0.1,100,1881,1882,0.00843504424422278,-4.77536031768406
"942",0.1,100,1883,1884,0.113382659556802,-2.1769868133422
"943",0.1,100,1885,1886,0.351675980557449,-1.04504503709332
"944",0.1,100,1887,1888,0.0739291435781367,-2.6046481637067
"945",0.1,100,1889,1890,0.0806698833454602,-2.5173899661052
"946",0.1,100,1891,1892,0.306843627068298,-1.18141701924556
"947",0.1,100,1893,1894,0.302652823556006,-1.19516892724469
"948",0.1,100,1895,1896,0.260794421662682,-1.3440228384886
"949",0.1,100,1897,1898,0.24730001906821,-1.39715302734919
"950",0.1,100,1899,1900,0.566419268076783,-0.568420718684097
"951",0.1,100,1901,1902,0.136050705932001,-1.9947276249975
"952",0.1,100,1903,1904,0.374509793842833,-0.98213732458355
"953",0.1,100,1905,1906,0.460886156036046,-0.774604216512936
"954",0.1,100,1907,1908,0.158305172804221,-1.84323063540719
"955",0.1,100,1909,1910,0.345257793187827,-1.06346391435422
"956",0.1,100,1911,1912,0.733527665268696,-0.309889965315956
"957",0.1,100,1913,1914,0.0822371380057042,-2.49814827839513
"958",0.1,100,1915,1916,0.269105888883363,-1.31265033786418
"959",0.1,100,1917,1918,0.40234626788707,-0.910442198220092
"960",0.1,100,1919,1920,0.236629768660301,-1.44125851683881
"961",0.1,100,1921,1922,0.223452518668888,-1.49855633193254
"962",0.1,100,1923,1924,0.113505400552116,-2.1759048612357
"963",0.1,100,1925,1926,0.544001029421657,-0.608804139808763
"964",0.1,100,1927,1928,0.153598553108845,-1.87341287817723
"965",0.1,100,1929,1930,0.0842123878890559,-2.4744132439825
"966",0.1,100,1931,1932,0.38478203048058,-0.955078259616279
"967",0.1,100,1933,1934,0.166866457858207,-1.79056144000249
"968",0.1,100,1935,1936,0.172607423031806,-1.75673549412082
"969",0.1,100,1937,1938,0.0512096636010286,-2.97182702253865
"970",0.1,100,1939,1940,0.104118981963936,-2.26222097643012
"971",0.1,100,1941,1942,0.296484768145221,-1.21575943405545
"972",0.1,100,1943,1944,0.163867950344553,-1.80869435631602
"973",0.1,100,1945,1946,0.0430535733093616,-3.14531004785123
"974",0.1,100,1947,1948,0.157278381476034,-1.84973791335321
"975",0.1,100,1949,1950,0.445241034696967,-0.809139492451432
"976",0.1,100,1951,1952,0.0531066435926572,-2.93545324382113
"977",0.1,100,1953,1954,0.236093915977252,-1.4435256040611
"978",0.1,100,1955,1956,0.370564062059974,-0.99272894214823
"979",0.1,100,1957,1958,0.237760006238275,-1.43649349121505
"980",0.1,100,1959,1960,0.449703361898484,-0.799167109363987
"981",0.1,100,1961,1962,0.269136910812722,-1.31253506672851
"982",0.1,100,1963,1964,0.0426102408434507,-3.15566065921099
"983",0.1,100,1965,1966,0.0567177442597752,-2.86966816729919
"984",0.1,100,1967,1968,0.428128683197679,-0.848331466913184
"985",0.1,100,1969,1970,0.221324957754023,-1.50812326036261
"986",0.1,100,1971,1972,0.651063394169688,-0.429148261837721
"987",0.1,100,1973,1974,0.10396054842683,-2.26374379385887
"988",0.1,100,1975,1976,0.128144370525757,-2.05459775592543
"989",0.1,100,1977,1978,0.0476709043536026,-3.0434340388188
"990",0.1,100,1979,1980,0.372814863567297,-0.986673326881541
"991",0.1,100,1981,1982,0.110247669340849,-2.20502590464417
"992",0.1,100,1983,1984,0.362730793203945,-1.01409433636891
"993",0.1,100,1985,1986,0.0657587245979784,-2.72176292322189
"994",0.1,100,1987,1988,0.0655393032351412,-2.72510526690711
"995",0.1,100,1989,1990,0.228768316315359,-1.47504550670807
"996",0.1,100,1991,1992,0.416316081081861,-0.876310496937648
"997",0.1,100,1993,1994,0.390602772019672,-0.940064163740183
"998",0.1,100,1995,1996,0.303800596795702,-1.19138372438624
"999",0.1,100,1997,1998,0.189129939938966,-1.66532098724664
"1000",0.1,100,1999,2000,0.16957302604921,-1.77447161279442
"1001",0.1,200,2001,2002,0.488864225076135,-0.715670486392488
"1002",0.1,200,2003,2004,0.0948330679376871,-2.35563711263589
"1003",0.1,200,2005,2006,0.358395986399062,-1.0261167966074
"1004",0.1,200,2007,2008,0.421979969019591,-0.862797432850929
"1005",0.1,200,2009,2010,0.418664058904714,-0.87068644937228
"1006",0.1,200,2011,2012,0.0280822866152614,-3.57261627097252
"1007",0.1,200,2013,2014,0.451059535822402,-0.796155939716419
"1008",0.1,200,2015,2016,0.14657635699293,-1.92020877816393
"1009",0.1,200,2017,2018,0.391643706813597,-0.937402763691713
"1010",0.1,200,2019,2020,0.0727326859268079,-2.62096439538886
"1011",0.1,200,2021,2022,0.393468708464822,-0.932753735341737
"1012",0.1,200,2023,2024,0.0450648393376705,-3.09965295210448
"1013",0.1,200,2025,2026,0.252298633332761,-1.37714184018388
"1014",0.1,200,2027,2028,0.0449891919445343,-3.10133299706976
"1015",0.1,200,2029,2030,0.22699331339062,-1.48283471836357
"1016",0.1,200,2031,2032,0.345444616224811,-1.06292294898623
"1017",0.1,200,2033,2034,0.258361369545978,-1.3533960169108
"1018",0.1,200,2035,2036,0.124925619684765,-2.08003676130978
"1019",0.1,200,2037,2038,0.0145786622273117,-4.22819631056795
"1020",0.1,200,2039,2040,0.130582795736932,-2.03574780330633
"1021",0.1,200,2041,2042,0.130879497696722,-2.03347824402686
"1022",0.1,200,2043,2044,0.171730883284811,-1.76182665954877
"1023",0.1,200,2045,2046,0.127147117932841,-2.06241045404144
"1024",0.1,200,2047,2048,0.0654850085290634,-2.72593403995624
"1025",0.1,200,2049,2050,0.685040391915128,-0.378277476158898
"1026",0.1,200,2051,2052,0.15852858173015,-1.84182037554846
"1027",0.1,200,2053,2054,0.458895228580251,-0.778933355150655
"1028",0.1,200,2055,2056,0.497168890775513,-0.69882549013754
"1029",0.1,200,2057,2058,0.121946686973628,-2.10417132177716
"1030",0.1,200,2059,2060,0.187575238833391,-1.67357524028238
"1031",0.1,200,2061,2062,0.21495570042602,-1.5373233166147
"1032",0.1,200,2063,2064,0.5877747011571,-0.531411565806005
"1033",0.1,200,2065,2066,0.247595273725558,-1.39595982669977
"1034",0.1,200,2067,2068,0.389661580431887,-0.942476659047232
"1035",0.1,200,2069,2070,0.240683615218239,-1.42427200789254
"1036",0.1,200,2071,2072,0.512358493209585,-0.668730716905748
"1037",0.1,200,2073,2074,0.194756761580194,-1.63600387555185
"1038",0.1,200,2075,2076,0.724405411370267,-0.322404082859605
"1039",0.1,200,2077,2078,0.268196238217141,-1.31603633426894
"1040",0.1,200,2079,2080,0.0634313670707268,-2.75779679113713
"1041",0.1,200,2081,2082,0.237433842003314,-1.43786625429853
"1042",0.1,200,2083,2084,0.537884620380044,-0.620111202080384
"1043",0.1,200,2085,2086,0.409586212002615,-0.89260786792641
"1044",0.1,200,2087,2088,0.0854690185954871,-2.45960132431442
"1045",0.1,200,2089,2090,0.160251197751506,-1.83101270894092
"1046",0.1,200,2091,2092,0.35946269762574,-1.02314486902458
"1047",0.1,200,2093,2094,0.440158704188482,-0.820619925765855
"1048",0.1,200,2095,2096,0.230072325427983,-1.46936156110808
"1049",0.1,200,2097,2098,0.415025247686338,-0.879415922803577
"1050",0.1,200,2099,2100,0.285140817642396,-1.25477212374835
"1051",0.1,200,2101,2102,0.294911008536875,-1.22108163412934
"1052",0.1,200,2103,2104,0.0748471626776424,-2.5923070756133
"1053",0.1,200,2105,2106,0.0235497819963038,-3.74863871561972
"1054",0.1,200,2107,2108,0.216091028205394,-1.53205553319651
"1055",0.1,200,2109,2110,0.322453747278661,-1.13179557232281
"1056",0.1,200,2111,2112,0.31165088094061,-1.1658716890327
"1057",0.1,200,2113,2114,0.62094228626431,-0.476517138139995
"1058",0.1,200,2115,2116,0.237865272664439,-1.43605084683699
"1059",0.1,200,2117,2118,0.436505146399339,-0.828955113624586
"1060",0.1,200,2119,2120,0.562074835452403,-0.576120278785364
"1061",0.1,200,2121,2122,0.125716247799007,-2.07372791319489
"1062",0.1,200,2123,2124,0.262447727421067,-1.33770335041422
"1063",0.1,200,2125,2126,0.208234966407255,-1.56908819066224
"1064",0.1,200,2127,2128,0.291919142396868,-1.23127842466017
"1065",0.1,200,2129,2130,0.0400416277232626,-3.21783567293227
"1066",0.1,200,2131,2132,0.111281691103358,-2.19569053465138
"1067",0.1,200,2133,2134,0.413560308079816,-0.882951927318048
"1068",0.1,200,2135,2136,0.29323713271383,-1.22677367062494
"1069",0.1,200,2137,2138,0.464837528755612,-0.766067334974931
"1070",0.1,200,2139,2140,0.0712944958356281,-2.64093615179802
"1071",0.1,200,2141,2142,0.219220085283749,-1.51767909816193
"1072",0.1,200,2143,2144,0.272220874566624,-1.30114150336342
"1073",0.1,200,2145,2146,0.230366860676535,-1.46808219437469
"1074",0.1,200,2147,2148,0.354495107962495,-1.03706073292888
"1075",0.1,200,2149,2150,0.000537883088789552,-7.52786932849971
"1076",0.1,200,2151,2152,0.22183310037163,-1.50582997998109
"1077",0.1,200,2153,2154,0.286057104997111,-1.25156382027118
"1078",0.1,200,2155,2156,0.0541329445032657,-2.91631232276991
"1079",0.1,200,2157,2158,0.08665132093612,-2.44586301843447
"1080",0.1,200,2159,2160,0.10623614342401,-2.24209089451521
"1081",0.1,200,2161,2162,0.568670955816466,-0.564453297159658
"1082",0.1,200,2163,2164,0.117458440123364,-2.14167070904266
"1083",0.1,200,2165,2166,0.404789712834983,-0.904387574288853
"1084",0.1,200,2167,2168,0.311340769930119,-1.1668672434215
"1085",0.1,200,2169,2170,0.0228179987932721,-3.78020563369287
"1086",0.1,200,2171,2172,0.273871368095435,-1.29509674233039
"1087",0.1,200,2173,2174,0.159715779660842,-1.83435942049684
"1088",0.1,200,2175,2176,0.263800478211969,-1.33256222591827
"1089",0.1,200,2177,2178,0.374704905130262,-0.981616482448158
"1090",0.1,200,2179,2180,0.162668549967861,-1.81604058419284
"1091",0.1,200,2181,2182,0.302180713313378,-1.19673005211535
"1092",0.1,200,2183,2184,0.157788615324878,-1.8464990194032
"1093",0.1,200,2185,2186,0.343619442763708,-1.06822050501395
"1094",0.1,200,2187,2188,0.10297033284981,-2.27331436282565
"1095",0.1,200,2189,2190,0.0893273561453696,-2.41544749819837
"1096",0.1,200,2191,2192,0.235013597886481,-1.44811190316527
"1097",0.1,200,2193,2194,0.341528878558412,-1.07432303968596
"1098",0.1,200,2195,2196,0.230159392352411,-1.46898319985177
"1099",0.1,200,2197,2198,0.217768564111772,-1.52432241263882
"1100",0.1,200,2199,2200,0.0106002572697845,-4.54687700742426
"1101",0.1,200,2201,2202,0.203436468142351,-1.59240151870345
"1102",0.1,200,2203,2204,0.14694014794889,-1.91772993192451
"1103",0.1,200,2205,2206,0.222748115971971,-1.50171367070528
"1104",0.1,200,2207,2208,0.334251318593829,-1.09586211807494
"1105",0.1,200,2209,2210,0.770585719924692,-0.260604378074303
"1106",0.1,200,2211,2212,0.0571572420904281,-2.86194917602731
"1107",0.1,200,2213,2214,0.625239653315915,-0.469620257436635
"1108",0.1,200,2215,2216,0.474818187997009,-0.74482331033117
"1109",0.1,200,2217,2218,0.591087838572335,-0.525790645593993
"1110",0.1,200,2219,2220,0.0883351028835807,-2.42661770922037
"1111",0.1,200,2221,2222,0.169179913550691,-1.77679255309652
"1112",0.1,200,2223,2224,0.288229505821525,-1.24399822098497
"1113",0.1,200,2225,2226,0.199339819930883,-1.6127442727698
"1114",0.1,200,2227,2228,0.206594046578141,-1.57699953888729
"1115",0.1,200,2229,2230,0.540307727538451,-0.615616435923731
"1116",0.1,200,2231,2232,0.152745020949483,-1.87898527753709
"1117",0.1,200,2233,2234,0.316094779274408,-1.15171317595388
"1118",0.1,200,2235,2236,0.0770873167362984,-2.56281651601389
"1119",0.1,200,2237,2238,0.023381106405174,-3.75582700133874
"1120",0.1,200,2239,2240,0.0428435967103704,-3.15019908010206
"1121",0.1,200,2241,2242,0.390340600345363,-0.940735586774006
"1122",0.1,200,2243,2244,0.503274508584428,-0.686619515033213
"1123",0.1,200,2245,2246,0.090666470976731,-2.40056765970146
"1124",0.1,200,2247,2248,0.20876535918329,-1.56654434103188
"1125",0.1,200,2249,2250,0.375521540338192,-0.979439445007265
